id,FName,MName,LName,Age,BloodGroup,Gender,height,weight,race,MobileNumber,EmailId,Address,Location,City,Province,PostalCode,Latitude,Longitude,HCardNumber,PassportNumber,PRNumber,DLNumber,uuid,password,verification
25,Emma,Charles,Thomas,55,A ,Female,170,60,Two or More Races,6131230000,pat0@test.com,33 Nicholas St,Apt. 503,Ottawa,Ontario,K1N 9M7,45.425989,-75.692968,123456789-ABC,123456789-ABC,123456789-ABC,123456789-ABC,PAT-000,PAT-000,1
132,Kate,Ann,Evans,18,A         ,Female,167,65,Asian,6137778888,pat1@test.com,5670 William McEwen Drive,Apt. 105,Ottawa,Ontario,K0A 2E0,45.414268,-75.619845,123456789-ABC,123456789-ABC,123456789-ABC,123456789-ABC,PAT-001,PAT-001,1
133,Daniel,John,Thomas,55,O-,Male,156,85,Asian,6131230002,pat2@test.com,1607 Sequoia Drive,Apt. 102,Ottawa,Ontario,K4C 1C2,45.488417,-75.482105,123456789-ABC,123456789-ABC,123456789-ABC,123456789-ABC,PAT-002,PAT-002,1
134,Emily,George,Walker,52,B+,Male,165,64,Asian,6131230003,pat3@test.com,109 Amberwood Crescent,Apt. 103,Ottawa,Ontario,K2E 7J8,45.334679,-75.737995,123456789-ABC,123456789-ABC,123456789-ABC,123456789-ABC,PAT-003,PAT-003,1
135,Daniel,Kevin,White,48,AB-,Female,169,82,Asian,6131230004,pat4@test.com,4237 Boundary Road,Apt. 104,Ottawa,Ontario,K0A 1K0,45.486081,-75.573333,123456789-ABC,123456789-ABC,123456789-ABC,123456789-ABC,PAT-004,PAT-004,1
136,Daniel,David,Jackson,48,AB+,Male,156,56,Asian,6131230005,pat5@test.com,5205 Sand Road,Apt. 105,Ottawa,Ontario,K0A 3H0,45.421268,-75.510037,123456789-ABC,123456789-ABC,123456789-ABC,123456789-ABC,PAT-005,PAT-005,1
137,Henry,James,Wilson,60,AB-,Male,151,67,African American,6131230006,pat6@test.com,2779 Sarsfield Road,Apt. 106,Ottawa,Ontario,K0A 3E0,45.494984,-75.359115,123456789-ABC,123456789-ABC,123456789-ABC,123456789-ABC,PAT-006,PAT-006,1
138,Isabella,Ronald,Clark,61,AB+,Male,157,93,African American,6131230007,pat7@test.com,650 Sabourin Road,Apt. 107,Ottawa,Ontario,K0A 3H0,45.401813,-75.436914,123456789-ABC,123456789-ABC,123456789-ABC,123456789-ABC,PAT-007,PAT-007,1
139,Emma,Ann,Davis,62,O+,Female,178,95,Asian,6131230008,pat8@test.com,1348 Century Road East,Apt. 108,Ottawa,Ontario,K4M 0A3,45.275544,-75.663153,123456789-ABC,123456789-ABC,123456789-ABC,123456789-ABC,PAT-008,PAT-008,1
140,Emily,George,Johnson,48,O-,Male,158,71,Asian,6131230009,pat9@test.com,545 West Hunt Club Road,Apt. 109,Ottawa,Ontario,K2G 3R4,45.331973,-75.74995,123456789-ABC,123456789-ABC,123456789-ABC,123456789-ABC,PAT-009,PAT-009,1
141,Lily,Robert,Rodriguez,54,B+,Male,164,68,Two or More Races,6131230010,pat10@test.com,101 Rita Avenue,Apt. 110,Ottawa,Ontario,K2G 2H2,45.343717,-75.725994,123456789-ABC,123456789-ABC,123456789-ABC,123456789-ABC,PAT-010,PAT-010,1
142,Mason,David,Jackson,62,AB+,Male,169,80,Asian,6131230011,pat11@test.com,30 Sherway Drive,Apt. 111,Ottawa,Ontario,K2J 1N3,45.278989,-75.755623,123456789-ABC,123456789-ABC,123456789-ABC,123456789-ABC,PAT-011,PAT-011,1
143,Alexander,Michael,Lewis,52,O-,Female,173,60,African American,6131230012,pat12@test.com,25 Gurdwara Road,Apt. 112,Ottawa,Ontario,K2E 7X6,45.335848,-75.707122,123456789-ABC,123456789-ABC,123456789-ABC,123456789-ABC,PAT-012,PAT-012,1
144,James,Kevin,Rodriguez,41,AB+,Female,165,60,African American,6131230013,pat13@test.com,5870 Wood Duck Drive,Apt. 113,Ottawa,Ontario,K0A 2W0,45.389973,-75.44727,123456789-ABC,123456789-ABC,123456789-ABC,123456789-ABC,PAT-013,PAT-013,1
145,Isabella,Elizabeth,Taylor,54,A+,Male,158,78,Asian,6131230014,pat14@test.com,4645 Barnsdale Road,Apt. 114,Ottawa,Ontario,K0A 2Z0,45.398527,-75.445289,123456789-ABC,123456789-ABC,123456789-ABC,123456789-ABC,PAT-014,PAT-014,1
146,Isabella,Joseph,Anderson,40,A+,Female,181,95,African American,6131230015,pat15@test.com,8247 United Avenue,Apt. 115,Ottawa,Ontario,K0A 2P0,45.395215,-75.401361,123456789-ABC,123456789-ABC,123456789-ABC,123456789-ABC,PAT-015,PAT-015,1
147,Mia,Steven,Jones,46,AB+,Female,172,112,Asian,6131230016,pat16@test.com,69 Manning Court,Apt. 116,Ottawa,Ontario,K2K 3N2,45.323161,-75.864632,123456789-ABC,123456789-ABC,123456789-ABC,123456789-ABC,PAT-016,PAT-016,1
148,Ava,Kevin,Brown,58,A-,Male,170,75,African American,6131230017,pat17@test.com,2127 Shea Road,Apt. 117,Ottawa,Ontario,K2S 1B6,45.244721,-75.907964,123456789-ABC,123456789-ABC,123456789-ABC,123456789-ABC,PAT-017,PAT-017,1
149,Emma,James,Rodriguez,23,AB-,Male,,,African American,6131230018,pat18@test.com,1486 Upper Dwyer Hill Road,Apt. 118,Ottawa,Ontario,K0A 1L0,45.286464,-75.912286,123456789-ABC,123456789-ABC,123456789-ABC,123456789-ABC,PAT-018,PAT-018,1
150,Henry,James,Smith,52,O-,Female,,,African American,6131230019,pat19@test.com,9212 Parkway Road,Apt. 119,Ottawa,Ontario,K0A 1V0,45.464126,-75.28642,123456789-ABC,123456789-ABC,123456789-ABC,123456789-ABC,PAT-019,PAT-019,1
151,Elizabeth,George,Davis,46,O-,Male,,,Asian,6131230020,pat20@test.com,2911 Ahearn Avenue,Apt. 120,Ottawa,Ontario,K2B 7A1,45.39212,-75.753525,123456789-ABC,123456789-ABC,123456789-ABC,123456789-ABC,PAT-020,PAT-020,1
152,Lily,Donald,Harris,65,B+,Female,,,White,6131230021,pat21@test.com,1290 Trim Road,Apt. 121,Ottawa,Ontario,K4A 3P7,45.476906,-75.517638,123456789-ABC,123456789-ABC,123456789-ABC,123456789-ABC,PAT-021,PAT-021,1
153,Alexander,Thomas,Thompson,62,AB+,Male,,,Asian,6131230022,pat22@test.com,8931 Cooper Hill Road,Apt. 122,Ottawa,Ontario,K0A 1V0,45.486737,-75.169678,123456789-ABC,123456789-ABC,123456789-ABC,123456789-ABC,PAT-022,PAT-022,1
154,James,Brian,Lewis,62,O-,Male,,,African American,6131230023,pat23@test.com,3840 Old Almonte Rd,Apt. 123,Ottawa,Ontario,K0A 1A0,45.244615,-76.042579,123456789-ABC,123456789-ABC,123456789-ABC,123456789-ABC,PAT-023,PAT-023,1
155,Emma,Donald,Lewis,58,A+,Male,,,Declined to Identify,6131230024,pat24@test.com,250 Convair Private,Apt. 124,Ottawa,Ontario,K1V 2E5,45.353289,-75.646798,123456789-ABC,123456789-ABC,123456789-ABC,123456789-ABC,PAT-024,PAT-024,1
156,Harper,Mark,Evans,72,AB-,Male,,,White,6131230025,pat25@test.com,30 Sherway Drive,Apt. 125,Ottawa,Ontario,K2J 1N3,45.278989,-75.755623,123456789-ABC,123456789-ABC,123456789-ABC,123456789-ABC,PAT-025,PAT-025,1
157,Aiden,Nicholas,Baker,46,O-,Male,,,White,6131230026,pat26@test.com,4647 Woodkilton Road,Apt. 126,Ottawa,Ontario,K0A 3M0,45.334091,-76.163671,123456789-ABC,123456789-ABC,123456789-ABC,123456789-ABC,PAT-026,PAT-026,1
158,Oliver,Scott,Turner,26,A+,Female,,,Declined to Identify,6131230027,pat27@test.com,4731 Ruissellet Road,Apt. 127,Ottawa,Ontario,K4B 1J1,45.382814,-75.415477,123456789-ABC,123456789-ABC,123456789-ABC,123456789-ABC,PAT-027,PAT-027,1
159,Lucas,Aaron,King,29,AB-,Female,,,Asian,6131230028,pat28@test.com,3874 Dunrobin Road,Apt. 128,Ottawa,Ontario,K0A 3M0,45.398327,-76.061464,123456789-ABC,123456789-ABC,123456789-ABC,123456789-ABC,PAT-028,PAT-028,1
160,Sebastian,Timothy,Flores,17,A+,Male,,,Asian,6131230029,pat29@test.com,3392 Vaughan Side Rd,Apt. 129,Ottawa,Ontario,K0A 1L0,45.322327,-75.922692,123456789-ABC,123456789-ABC,123456789-ABC,123456789-ABC,PAT-029,PAT-029,1
161,Logan,Todd,Parker,55,AB-,Male,,,African American,6131230030,pat30@test.com,2058 Kings Grove Crescent,Apt. 130,Ottawa,Ontario,K1J 6G1,45.427175,-75.579012,123456789-ABC,123456789-ABC,123456789-ABC,123456789-ABC,PAT-030,PAT-030,1
162,Luna,Gregory,Morris,57,B+,Male,,,African American,6131230031,pat31@test.com,2158 Brophy Drive,Apt. 131,Ottawa,Ontario,K0A 2T0,45.39319,-75.481289,123456789-ABC,123456789-ABC,123456789-ABC,123456789-ABC,PAT-031,PAT-031,1
163,Jackson,Gregory,Flores,72,AB-,Male,,,Two or More Races,6131230032,pat32@test.com,2460 Swale Road,Apt. 132,Ottawa,Ontario,K0A 2W0,45.374819,-75.433358,123456789-ABC,123456789-ABC,123456789-ABC,123456789-ABC,PAT-032,PAT-032,1
164,Layla,Jerry,Flores,64,AB+,Male,,,Two or More Races,6131230033,pat33@test.com,300 Hedley Way,Apt. 133,Ottawa,Ontario,K2K 1X7,45.317954,-75.899993,123456789-ABC,123456789-ABC,123456789-ABC,123456789-ABC,PAT-033,PAT-033,1
165,Caden,Juan,Baker,74,O-,Female,,,White,6131230034,pat34@test.com,9394 Pana Road,Apt. 134,Ottawa,Ontario,K4R 1E5,45.273181,-75.542663,123456789-ABC,123456789-ABC,123456789-ABC,123456789-ABC,PAT-034,PAT-034,1
166,Caden,Edward,Hill,61,A-,Male,,,White,6131230035,pat35@test.com,1977 Diamondview Road,Apt. 135,Ottawa,Ontario,K0A 1L0,45.286499,-75.912337,123456789-ABC,123456789-ABC,123456789-ABC,123456789-ABC,PAT-035,PAT-035,1
167,Oliver,Aaron,Nelson,55,B+,Female,,,Asian,6131230036,pat36@test.com,1085 Fieldown Street,Apt. 136,Ottawa,Ontario,K4C 1B7,45.481601,-75.433284,123456789-ABC,123456789-ABC,123456789-ABC,123456789-ABC,PAT-036,PAT-036,1
168,Aiden,Juan,Green,48,AB+,Male,,,Asian,6131230037,pat37@test.com,3658 Hawthorne Road,Apt. 137,Ottawa,Ontario,K1G 3N2,45.370989,-75.607116,123456789-ABC,123456789-ABC,123456789-ABC,123456789-ABC,PAT-037,PAT-037,1
169,Henry,Timothy,Baker,22,AB-,Male,,,Asian,6131230038,pat38@test.com,3026 Green Pine Court,Apt. 138,Ottawa,Ontario,K4C 1R9,45.47956,-75.449492,123456789-ABC,123456789-ABC,123456789-ABC,123456789-ABC,PAT-038,PAT-038,1
170,Avery,Christopher,Young,48,A+,Female,,,Declined to Identify,6131230039,pat39@test.com,2615 Old Second Line Road,Apt. 139,Ottawa,Ontario,K0A 1T0,45.335607,-75.984516,123456789-ABC,123456789-ABC,123456789-ABC,123456789-ABC,PAT-039,PAT-039,1
171,Logan,Jeffrey,Edwards,27,A-,Male,,,White,6131230040,pat40@test.com,1379 Rideau Road,Apt. 140,Ottawa,Ontario,K1X 1E2,45.263949,-75.586034,123456789-ABC,123456789-ABC,123456789-ABC,123456789-ABC,PAT-040,PAT-040,1
172,Layla,Mark,Adams,33,O-,Male,,,Asian,6131230041,pat41@test.com,3709 8th Line Road,Apt. 141,Ottawa,Ontario,K0C 2K0,45.062491,-75.411245,123456789-ABC,123456789-ABC,123456789-ABC,123456789-ABC,PAT-041,PAT-041,1
173,Henry,Carlos,Morris,13,O+,Female,,,Asian,6131230042,pat42@test.com,923 Bronson Avenue,Apt. 142,Ottawa,Ontario,K1S 4G8,45.402693,-75.706536,123456789-ABC,123456789-ABC,123456789-ABC,123456789-ABC,PAT-042,PAT-042,1
174,Luna,Timothy,Flores,40,A+,Female,,,Asian,6131230043,pat43@test.com,1643 Carsonby Road East,Apt. 143,Ottawa,Ontario,K0A 2E0,45.263288,-75.557725,123456789-ABC,123456789-ABC,123456789-ABC,123456789-ABC,PAT-043,PAT-043,1
175,Caden,Gregory,Allen,49,B+,Male,,,African American,6131230044,pat44@test.com,1539 Stableview Way,Apt. 144,Ottawa,Ontario,K4P 1P2,45.269401,-75.609972,123456789-ABC,123456789-ABC,123456789-ABC,123456789-ABC,PAT-044,PAT-044,1
176,Charlotte,Jeffrey,Edwards,26,AB-,Male,,,Asian,6131230045,pat45@test.com,1955 Farisita Drive,Apt. 145,Ottawa,Ontario,K0A 3H0,45.431694,-75.404888,123456789-ABC,123456789-ABC,123456789-ABC,123456789-ABC,PAT-045,PAT-045,1
177,Amelia,Jerry,Green,42,AB+,Male,,,African American,6131230046,pat46@test.com,35 Beddington Avenue,Apt. 146,Ottawa,Ontario,K2J 3N2,45.272442,-75.750631,123456789-ABC,123456789-ABC,123456789-ABC,123456789-ABC,PAT-046,PAT-046,1
178,Luna,Stephen,Wright,80,O-,Male,,,White,6131230047,pat47@test.com,292 Lowe Road,Apt. 147,Ottawa,Ontario,K0A 1B0,45.180046,-76.062418,123456789-ABC,123456789-ABC,123456789-ABC,123456789-ABC,PAT-047,PAT-047,1
179,Jacob,Benjamin,Evans,9,O+,Male,,,African American,6131230048,pat48@test.com,155 Kerry Hill Crescent,Apt. 148,Ottawa,Ontario,K0A 1T0,45.312877,-75.806651,123456789-ABC,123456789-ABC,123456789-ABC,123456789-ABC,PAT-048,PAT-048,1
180,Sebastian,Edward,Phillips,36,AB+,Female,,,Asian,6131230049,pat49@test.com,1390 Merivale Road,Apt. 149,Ottawa,Ontario,K2C 0R2,45.34693,-75.752663,123456789-ABC,123456789-ABC,123456789-ABC,123456789-ABC,PAT-049,PAT-049,1
181,Zoe,Aaron,Young,73,A+,Male,,,Asian,6131230050,pat50@test.com,1907 Diamondview Road,Apt. 150,Ottawa,Ontario,K0A 1L0,45.284324,-75.894615,123456789-ABC,123456789-ABC,123456789-ABC,123456789-ABC,PAT-050,PAT-050,1
182,James,Aaron,Wright,38,B+,Female,,,Asian,6131230051,pat51@test.com,2653 Fallingwater Circle,Apt. 151,Ottawa,Ontario,K2J 0R6,45.267051,-75.749416,123456789-ABC,123456789-ABC,123456789-ABC,123456789-ABC,PAT-051,PAT-051,1
183,Victoria,Kevin,Campbell,40,A+,Female,,,Asian,6131230052,pat52@test.com,3932 Greenland Road,Apt. 152,Ottawa,Ontario,K0A 1T0,45.327248,-75.934373,123456789-ABC,123456789-ABC,123456789-ABC,123456789-ABC,PAT-052,PAT-052,1
184,Mason,Paul,Harris,36,B+,Male,,,Asian,6131230053,pat53@test.com,4200 Riverside Drive,Apt. 153,Ottawa,Ontario,K1V 1C4,45.358862,-75.671487,123456789-ABC,123456789-ABC,123456789-ABC,123456789-ABC,PAT-053,PAT-053,1
185,Ariana,Edward,Harris,34,O-,Male,,,White,6131230054,pat54@test.com,772 John Kennedy Way,Apt. 154,Ottawa,Ontario,K0A 1A0,45.1992,-76.056598,123456789-ABC,123456789-ABC,123456789-ABC,123456789-ABC,PAT-054,PAT-054,1
186,Scarlett,Todd,King,44,B+,Female,,,African American,6131230055,pat55@test.com,117 Cadieux Way,Apt. 155,Ottawa,Ontario,K4P 1R3,45.242301,-75.575989,123456789-ABC,123456789-ABC,123456789-ABC,123456789-ABC,PAT-055,PAT-055,1
187,Zoe,Edward,Hall,26,O-,Male,,,Asian,6131230056,pat56@test.com,7113 Flewellyn Road,Apt. 156,Ottawa,Ontario,K2S 1B6,45.261085,-76.035496,123456789-ABC,123456789-ABC,123456789-ABC,123456789-ABC,PAT-056,PAT-056,1
188,Michael,Kevin,Harris,31,B+,Female,,,Asian,6131230057,pat57@test.com,2826 Birchgrove Road,Apt. 157,Ottawa,Ontario,K0A 3E0,45.46168,-75.941287,123456789-ABC,123456789-ABC,123456789-ABC,123456789-ABC,PAT-057,PAT-057,1
189,Ella,Kevin,Nelson,46,A+,Female,,,Asian,6131230058,pat58@test.com,1310 Pebble Road,Apt. 158,Ottawa,Ontario,K1V 7R8,45.311452,-75.686318,123456789-ABC,123456789-ABC,123456789-ABC,123456789-ABC,PAT-058,PAT-058,1
190,Mason,Aaron,King,33,AB+,Female,,,Asian,6131230059,pat59@test.com,1471 Donald B. Munro Drive,Apt. 159,Ottawa,Ontario,K0A 1L0,45.285595,-76.00286,123456789-ABC,123456789-ABC,123456789-ABC,123456789-ABC,PAT-059,PAT-059,1
191,Ariana,Kevin,Scott,35,A-,Female,,,Two or More Races,6131230060,pat60@test.com,1333 John Quinn Road,Apt. 160,Ottawa,Ontario,K4P 1B1,45.182649,-75.574756,123456789-ABC,123456789-ABC,123456789-ABC,123456789-ABC,PAT-060,PAT-060,1
192,Logan,Donald,Campbell,50,O-,Female,,,White,6131230061,pat61@test.com,2911 Ahearn Avenue,Apt. 161,Ottawa,Ontario,K2B 7A1,45.365024,-75.784,123456789-ABC,123456789-ABC,123456789-ABC,123456789-ABC,PAT-061,PAT-061,1
193,Liam,Anthony,Lee,41,B+,Male,,,Asian,6131230062,pat62@test.com,3606 South Village Drive,Apt. 162,Ottawa,Ontario,K4P 0A5,45.211649,-75.606859,123456789-ABC,123456789-ABC,123456789-ABC,123456789-ABC,PAT-062,PAT-062,1
194,Scarlett,Dennis,Nelson,30,B+,Female,,,Declined to Identify,6131230063,pat63@test.com,3899 9th Line Road,Apt. 163,Ottawa,Ontario,K0A 1K0,45.018369,-75.451824,123456789-ABC,123456789-ABC,123456789-ABC,123456789-ABC,PAT-063,PAT-063,1
195,Chloe,Brian,Walker,53,B+,Male,,,Declined to Identify,6131230064,pat64@test.com,8033 Parkway Road,Apt. 164,Ottawa,Ontario,K0A 2P0,45.415615,-76.047546,123456789-ABC,123456789-ABC,123456789-ABC,123456789-ABC,PAT-064,PAT-064,1
196,Mila,Donald,Mitchell,73,B+,Male,,,White,6131230065,pat65@test.com,1639 Galetta Side Road,Apt. 165,Ottawa,Ontario,K0A 3M0,45.407721,-76.096327,123456789-ABC,123456789-ABC,123456789-ABC,123456789-ABC,PAT-065,PAT-065,1
197,Zoe,Andrew,King,30,AB+,Male,,,White,6131230066,pat66@test.com,95 Rodeo Drive,Apt. 166,Ottawa,Ontario,K2J 5K2,45.268894,-75.712086,123456789-ABC,123456789-ABC,123456789-ABC,123456789-ABC,PAT-066,PAT-066,1
198,Logan,Keith,Clark,42,B+,Female,,,Asian,6131230067,pat67@test.com,3075 Carp Road,Apt. 167,Ottawa,Ontario,K0A 1L0,45.395489,-76.037466,123456789-ABC,123456789-ABC,123456789-ABC,123456789-ABC,PAT-067,PAT-067,1
199,Jacob,George,Hall,79,B+,Female,,,Declined to Identify,6131230068,pat68@test.com,1801 Russland Road,Apt. 168,Ottawa,Ontario,K0A 3H0,45.407943,-76.162835,123456789-ABC,123456789-ABC,123456789-ABC,123456789-ABC,PAT-068,PAT-068,1
200,Jacob,Donald,Wright,48,O+,Male,,,Declined to Identify,6131230069,pat69@test.com,3420 Dessaint Street,Apt. 169,Ottawa,Ontario,K0A 3E0,45.488414,-75.559991,123456789-ABC,123456789-ABC,123456789-ABC,123456789-ABC,PAT-069,PAT-069,1
201,Jacob,Kevin,Lewis,39,AB+,Male,,,White,6131230070,pat70@test.com,569 Burton Road,Apt. 170,Ottawa,Ontario,K4R 1E5,45.293032,-75.507716,123456789-ABC,123456789-ABC,123456789-ABC,123456789-ABC,PAT-070,PAT-070,1
202,Benjamin,Jason,Wright,37,B+,Female,,,White,6131230071,pat71@test.com,2455 Birchgrove Road,Apt. 171,Ottawa,Ontario,K4C 1K6,45.423963,-75.44237,123456789-ABC,123456789-ABC,123456789-ABC,123456789-ABC,PAT-071,PAT-071,1
203,Mila,Jason,Torres,8,A-,Female,,,Declined to Identify,6131230072,pat72@test.com,4131 9th Line Road,Apt. 172,Ottawa,Ontario,K0C 2K0,45.098919,-75.437693,123456789-ABC,123456789-ABC,123456789-ABC,123456789-ABC,PAT-072,PAT-072,1
204,Chloe,Andrew,Phillips,20,AB-,Female,,,African American,6131230073,pat73@test.com,648 River Road,Apt. 173,Ottawa,Ontario,K1V 1G1,45.342133,-75.699635,123456789-ABC,123456789-ABC,123456789-ABC,123456789-ABC,PAT-073,PAT-073,1
205,Oliver,Gregory,Wright,29,O-,Male,,,African American,6131230074,pat74@test.com,702 Beavertail Road,Apt. 174,Ottawa,Ontario,K1A 1L0,45.421042,-75.598677,123456789-ABC,123456789-ABC,123456789-ABC,123456789-ABC,PAT-074,PAT-074,1
206,Chloe,Mason,Peterson,34,A-,Female,,,White,6131230075,pat75@test.com,285 Upper Dwyer Hill Road,Apt. 175,Ottawa,Ontario,K0A 1B0,45.176128,-76.076603,123456789-ABC,123456789-ABC,123456789-ABC,123456789-ABC,PAT-075,PAT-075,1
207,Liam,Isabella,Bell,44,B+,Female,,,African American,6131230076,pat76@test.com,4264 Old Almonte Road,Apt. 176,Ottawa,Ontario,K0A 1A0,45.224654,-76.174619,123456789-ABC,123456789-ABC,123456789-ABC,123456789-ABC,PAT-076,PAT-076,1
208,Charlotte,Abigail,Flores,61,AB-,Female,,,African American,6131230077,pat77@test.com,7535 Mansfield Road,Apt. 177,Ottawa,Ontario,K2S 1R9,45.253369,-75.919275,123456789-ABC,123456789-ABC,123456789-ABC,123456789-ABC,PAT-077,PAT-077,1
209,Henry,Lucas,Cooper,24,B+,Female,,,African American,6131230078,pat78@test.com,1659 Devine Road,Apt. 178,Ottawa,Ontario,K0A 3H0,45.343802,-76.204159,123456789-ABC,123456789-ABC,123456789-ABC,123456789-ABC,PAT-078,PAT-078,1
210,Mason,Oliver,Bell,20,AB-,Male,,,Two or More Races,6131230079,pat79@test.com,1315 Corkery Road,Apt. 179,Ottawa,Ontario,K0A 1L0,45.275127,-76.029731,123456789-ABC,123456789-ABC,123456789-ABC,123456789-ABC,PAT-079,PAT-079,1
211,Emily,Aria,Stewart,51,B+,Female,,,Declined to Identify,6131230080,pat80@test.com,6206 Prince Of Wales Drive,Apt. 180,Ottawa,Ontario,K0A 2T0,45.192168,-76.090183,123456789-ABC,123456789-ABC,123456789-ABC,123456789-ABC,PAT-080,PAT-080,1
212,William,Isabella,Cook,37,B+,Male,,,African American,6131230081,pat81@test.com,3552 Barnsdale Road,Apt. 181,Ottawa,Ontario,K2C 3H2,45.344684,-75.76495,123456789-ABC,123456789-ABC,123456789-ABC,123456789-ABC,PAT-081,PAT-081,1
213,Lily,Liam,Bailey,45,AB-,Male,,,African American,6131230082,pat82@test.com,3684 Fallowfield Road,Apt. 182,Ottawa,Ontario,K2J 4H3,45.279743,-75.780388,123456789-ABC,123456789-ABC,123456789-ABC,123456789-ABC,PAT-082,PAT-082,1
214,Charlotte,Mia,Gonzalez,48,B+,Female,,,African American,6131230083,pat83@test.com,863 Bank St,Apt. 183,Ottawa,Ontario,K1S 3W2,45.396448,-75.682098,123456789-ABC,123456789-ABC,123456789-ABC,123456789-ABC,PAT-083,PAT-083,1
215,Benjamin,Mason,Bell,21,AB-,Male,,,White,6131230084,pat84@test.com,88 Southvale Crescent,Apt. 184,Ottawa,Ontario,K1B 3W9,45.413469,-75.635073,123456789-ABC,123456789-ABC,123456789-ABC,123456789-ABC,PAT-084,PAT-084,1
216,Aria,Ethan,Bell,46,A-,Female,,,White,6131230085,pat85@test.com,3573 Old Almonte Road,Apt. 185,Ottawa,Ontario,K0A 1L0,45.215151,-76.023905,123456789-ABC,123456789-ABC,123456789-ABC,123456789-ABC,PAT-085,PAT-085,1
217,Mila,James,Peterson,85,A-,Male,,,African American,6131230086,pat86@test.com,4914 Thunder Road,Apt. 186,Ottawa,Ontario,K0A 1K0,45.12765,-75.484044,123456789-ABC,123456789-ABC,123456789-ABC,123456789-ABC,PAT-086,PAT-086,1
218,Mia,Lily,Reed,50,O-,Male,,,Asian,6131230087,pat87@test.com,94 Royal Oak Ct,Apt. 187,Ottawa,Ontario,K1T 3P1,45.332789,-75.623308,123456789-ABC,123456789-ABC,123456789-ABC,123456789-ABC,PAT-087,PAT-087,1
219,Emily,Mason,Stewart,71,A+,Male,,,African American,6131230088,pat88@test.com,6485 Waddion Drive,Apt. 188,Ottawa,Ontario,K4P 1E7,45.159825,-75.539787,123456789-ABC,123456789-ABC,123456789-ABC,123456789-ABC,PAT-088,PAT-088,1
220,Benjamin,Oliver,Rogers,9,B+,Female,,,Asian,6131230089,pat89@test.com,2114 Wilhaven Drive,Apt. 189,Ottawa,Ontario,K4C 1E1,45.404235,-75.390027,123456789-ABC,123456789-ABC,123456789-ABC,123456789-ABC,PAT-089,PAT-089,1
221,Oliver,Henry,Murphy,46,A+,Female,,,Declined to Identify,6131230090,pat90@test.com,411 Corkstown Road,Apt. 190,Ottawa,Ontario,K2K 2Y1,45.351307,-75.850663,123456789-ABC,123456789-ABC,123456789-ABC,123456789-ABC,PAT-090,PAT-090,1
222,William,Oliver,Parker,43,A+,Female,,,African American,6131230091,pat91@test.com,3680 John Shaw Road,Apt. 191,Ottawa,Ontario,K0A 2H0,45.3452,-75.7607,123456789-ABC,123456789-ABC,123456789-ABC,123456789-ABC,PAT-091,PAT-091,1
223,Mila,James,Bell,90,O+,Male,,,African American,6131230092,pat92@test.com,1223 Manotick Station Road,Apt. 192,Ottawa,Ontario,K4P 0A1,45.2226,-75.6855,123456789-ABC,123456789-ABC,123456789-ABC,123456789-ABC,PAT-092,PAT-092,1
224,Abigail,Ethan,Stewart,30,A+,Female,,,Asian,6131230093,pat93@test.com,609 Old Coach Road,Apt. 193,Ottawa,Ontario,K0A 1L0,45.3343,-75.9359,123456789-ABC,123456789-ABC,123456789-ABC,123456789-ABC,PAT-093,PAT-093,1
225,Sophia,Daniel,Bailey,55,A-,Female,,,Asian,6131230094,pat94@test.com,2395 Kinburn Side Road,Apt. 194,Ottawa,Ontario,K0A 2H0,45.3807,-76.0182,123456789-ABC,123456789-ABC,123456789-ABC,123456789-ABC,PAT-094,PAT-094,1
226,Oliver,Oliver,Bailey,10,B+,Male,,,African American,6131230095,pat95@test.com,267 Bradwell Way,Apt. 195,Ottawa,Ontario,K1T 4J2,45.3563,-75.6151,123456789-ABC,123456789-ABC,123456789-ABC,123456789-ABC,PAT-095,PAT-095,1
227,Lily,Aria,Morgan,29,A+,Female,,,Asian,6131230096,pat96@test.com,788 Donald B. Munro Drive,Apt. 196,Ottawa,Ontario,K0A 1L0,45.3807,-76.0357,123456789-ABC,123456789-ABC,123456789-ABC,123456789-ABC,PAT-096,PAT-096,1
228,Mason,Lily,Murphy,55,B+,Female,,,Asian,6131230097,pat97@test.com,6422 Blossom Trail Dr,Apt. 197,Ottawa,Ontario,K4P 0B1,45.2329,-75.6614,123456789-ABC,123456789-ABC,123456789-ABC,123456789-ABC,PAT-097,PAT-097,1
229,Isabella,Grace,Murphy,58,A+,Male,,,White,6131230098,pat98@test.com,2485 Hunt Club Road,Apt. 198,Ottawa,Ontario,K1G 3N4,45.3447,-75.6451,123456789-ABC,123456789-ABC,123456789-ABC,123456789-ABC,PAT-098,PAT-098,1
230,Mila,Michael,Edwards,18,A-,Male,,,White,6131230099,pat99@test.com,538 Hazeldean Road,Apt. 199,Ottawa,Ontario,K2V 1C4,45.2777,-75.9185,123456789-ABC,123456789-ABC,123456789-ABC,123456789-ABC,PAT-099,PAT-099,1
